token,log_name,subset,heading_change_deg,connector_turn_type,ego_speed_t0,expert_stopped_t0,n_moving_vehicles_30m,lane_change,reentry_from_stop,near_pudo_t0,lateral_offset_t0,label_is_target_scene,label_note
5ca0bd6bc8e258c9,2021.10.06.07.26.10_veh-52_01245_02064,unprotected_turn,50.68902478927509,LEFT,3.9937260150909424,False,1,False,False,False,0.2780175716470037,,
3af98cdf0bc35f44,2021.10.06.08.16.17_veh-52_00181_00574,unprotected_turn,46.82641838863368,LEFT,1.6950215101242063,False,0,False,False,False,0.1207579090664693,,
29d3fc42d08d57d2,2021.05.25.15.59.03_veh-30_04027_04200,unprotected_turn,60.99173830536127,LEFT,2.8440728187561035,False,2,False,False,False,0.1216690155476321,,
fa5edfd430ba550d,2021.09.29.14.44.26_veh-28_01059_01191,unprotected_turn,58.8486445277509,LEFT,4.215866088867188,False,2,False,False,False,0.2924622182453319,,
c67e9184504951c5,2021.10.06.07.26.10_veh-52_01245_02064,unprotected_turn,71.74371159568433,RIGHT,2.154677629470825,False,0,False,False,False,0.4876455775776127,,
2ccebcdb0da25be5,2021.08.30.13.45.25_veh-40_00610_00771,unprotected_turn,67.30537507625651,LEFT,2.50447416305542,False,0,False,False,False,0.5231760505775452,,
0d93c2f3442752d9,2021.09.29.14.44.26_veh-28_01640_01743,unprotected_turn,54.139044316028645,RIGHT,5.89553165435791,False,2,False,False,False,1.9443729614806515,,
88c0bfe353235280,2021.09.16.13.53.10_veh-42_00077_00153,unprotected_turn,90.95629011554372,LEFT,3.0772135257720947,False,1,False,False,False,0.484704998563622,,
1bdfacbfcff75c27,2021.09.09.18.29.25_veh-39_01622_01766,unprotected_turn,97.68816935512898,LEFT,2.032501220703125,False,2,False,False,False,0.7369642806942694,,
37b96c1d86665204,2021.09.16.13.53.10_veh-42_00077_00153,unprotected_turn,58.0833709547735,RIGHT,8.060014724731445,False,1,False,False,False,0.2241957423291906,,
ccd53fdd1b6e51b8,2021.10.06.08.16.17_veh-52_01949_02501,unprotected_turn,69.84350274539511,RIGHT,1.4015681743621826,False,0,False,False,False,0.7704129417296264,,
78a46fe48bf15051,2021.09.16.13.53.10_veh-42_00630_00818,unprotected_turn,58.14995436408605,LEFT,3.750636100769043,False,0,False,False,False,0.1678859991653599,,
9568c56631be548e,2021.06.28.15.02.02_veh-38_02398_02848,unprotected_turn,92.00016635345328,RIGHT,5.8162713050842285,False,2,False,False,False,0.154863312318198,,
114a946faf305345,2021.09.29.14.44.26_veh-28_01640_01743,unprotected_turn,53.99313753715977,LEFT,4.19153356552124,False,0,False,False,False,0.1873509021654828,,
0a51eebaccc95c36,2021.05.25.14.16.10_veh-35_01690_02183,unprotected_turn,52.36227864968875,LEFT,3.3183751106262207,False,1,False,False,False,0.4826305722479532,,
03d1885be4355a79,2021.10.06.07.26.10_veh-52_01245_02064,unprotected_turn,63.39250428418236,LEFT,1.413350224494934,False,1,False,False,False,0.4843098085872029,,
5cffd130ff2c510a,2021.05.25.17.54.41_veh-35_02723_02902,unprotected_turn,56.84626092487365,LEFT,3.600548028945923,False,0,False,False,False,0.5919949863443772,,
81935f2cb7d45945,2021.09.16.19.49.00_veh-42_00990_01609,unprotected_turn,76.87845926434703,LEFT,1.830158352851868,False,1,False,False,False,0.1249020966325581,,
96c3433ef79a5478,2021.10.06.08.16.17_veh-52_00922_01296,unprotected_turn,45.0635568648785,LEFT,1.2503167390823364,False,0,False,False,False,0.3504315080216242,,
8d8f5c8c6c29525c,2021.09.16.13.53.10_veh-42_00860_01069,unprotected_turn,66.78265470254794,LEFT,3.739198446273804,False,0,False,False,False,0.8367550974877149,,
0e7f7322726f5b86,2021.09.09.18.04.06_veh-40_00743_01071,merging,10.82553231758755,,8.519258499145508,False,3,True,False,False,0.0968016103941866,,
09be81c492625fd5,2021.05.25.17.54.41_veh-35_04111_04288,merging,0.1527816623618299,RIGHT,4.625253200531006,False,11,True,False,False,0.0446129968500123,,
c77d96b1b7d65d8a,2021.06.03.18.47.39_veh-35_00503_00777,merging,2.3388787003017795,LEFT,0.0476044230163097,True,5,True,True,False,0.6396469834755445,,
2352a994954555ba,2021.06.03.18.47.39_veh-35_00503_00777,merging,3.4942324283112054,LEFT,0.2873120903968811,True,5,True,True,False,0.6246924391889989,,
c648574640a65934,2021.06.28.20.24.43_veh-38_03385_04952,merging,11.738122363708523,LEFT,1.5303114652633667,False,3,True,False,False,0.7154229248377131,,
4e09d6c847dc5d3e,2021.09.29.14.44.26_veh-28_01640_01743,merging,42.967306181683874,RIGHT,0.2079691588878631,True,1,False,True,False,1.3289102612939916,,
bfcbb192c11b5736,2021.09.16.14.39.34_veh-42_00297_00935,merging,5.309544697426997,,0.4429011940956116,True,1,False,True,False,2.98500065358811,,
03143ef8f2f65a2f,2021.08.30.14.54.34_veh-40_00439_00835,merging,26.26271826871614,RIGHT,0.074511744081974,True,1,False,True,False,1.4851511197632594,,
c284f9a1803f585f,2021.06.28.16.29.11_veh-38_03263_03766,merging,1.0605927736456626,,2.047696352005005,False,1,True,False,False,0.972553249048838,,
c40e41ba1a285e0d,2021.06.28.18.03.27_veh-14_00620_01581,merging,25.768319755704976,,1.8001785278320312,False,1,True,False,False,1.8160674479268857,,
fb1c9ac223bf5bbe,2021.06.28.18.03.27_veh-14_00620_01581,merging,34.42772112093084,LEFT,3.827761888504028,False,3,True,False,False,0.8944341087334501,,
c0d51ca7b8af5414,2021.08.30.13.45.25_veh-40_00878_01104,merging,12.45604594611306,,6.465470790863037,False,2,True,False,False,0.1787442352090217,,
8615a4df3a525ccc,2021.06.03.12.02.06_veh-35_00233_00609,merging,0.6650021347271433,STRAIGHT,9.498927116394045,False,6,True,False,False,0.2439860432544076,,
83fd1c194c0c5441,2021.05.25.14.16.10_veh-35_00083_00485,merging,6.26651036878792,,5.229028701782227,False,6,True,False,False,1.564777748048395,,
d546193a3a28587f,2021.06.28.16.57.59_veh-26_00016_00484,merging,37.30628835311709,LEFT,5.681933879852295,False,5,True,False,False,0.1836228505811882,,
1e92a7ac3d645cdd,2021.06.28.16.29.11_veh-38_03263_03766,merging,0.0579918686030374,STRAIGHT,6.112410545349121,False,4,True,False,False,0.0214266761738542,,
86c5b7af4b47513d,2021.09.16.19.12.04_veh-42_01221_01380,merging,11.989303739958116,,0.0014343771617859,True,2,False,True,False,3.1101594020084087,,
1090e431ffef512f,2021.05.25.14.24.08_veh-25_00934_01067,merging,3.73874925372095,STRAIGHT,11.64305591583252,False,3,True,False,False,0.273211103267971,,
5517642e588e59d0,2021.06.28.18.03.27_veh-14_00620_01581,merging,18.935421412053127,,2.3330655097961426,False,1,True,False,False,1.033831817708307,,
4d4ed59397825822,2021.06.03.13.55.17_veh-35_02866_03582,merging,18.902842599722277,LEFT,1.7485023736953735,False,5,True,False,False,0.2242764396977004,,
68ece717ce6553e7,2021.05.25.14.24.08_veh-25_04059_04203,unprotected_crossing,0.8688724112253796,STRAIGHT,0.0660903230309486,True,3,False,False,False,0.2668698227093443,,
a1ff2db262ab5db7,2021.06.28.21.16.05_veh-14_00957_01198,unprotected_crossing,16.68579132612991,RIGHT,0.0095673175528645,True,2,False,False,False,0.1593504001119864,,
85ab290d4e535060,2021.09.16.19.27.01_veh-45_01749_03230,unprotected_crossing,0.5651640031589041,LEFT,0.062525562942028,True,5,False,False,False,0.169278204192806,,
d44e6abed19b5ba5,2021.05.25.14.16.10_veh-35_01100_01664,unprotected_crossing,0.378944827727727,STRAIGHT,0.0585237219929695,True,8,False,False,False,0.1262145787023148,,
26ffff4876f75eed,2021.09.16.17.40.09_veh-45_02539_02745,unprotected_crossing,17.567564644483593,RIGHT,0.0725721269845962,True,1,False,False,False,0.3429694109189002,,
dc8fc926ef0451f1,2021.05.25.14.16.10_veh-35_01690_02183,unprotected_crossing,2.264948662967932,LEFT,0.0005166795453988,True,1,False,False,False,0.0661930120937198,,
8390620a5e745bfa,2021.06.28.18.03.27_veh-14_00620_01581,unprotected_crossing,1.6994651092961666,STRAIGHT,0.3819013833999634,True,3,False,False,False,0.3124113651295112,,
9e1761b29988514c,2021.06.28.18.03.27_veh-14_00620_01581,unprotected_crossing,5.55435691779677,RIGHT,0.1272499114274978,True,3,False,False,False,0.3221359016623196,,
b09d0393d8095685,2021.09.29.18.19.40_veh-28_00438_00833,unprotected_crossing,0.1118869603622728,LEFT,0.0914998427033424,True,3,False,False,False,0.2009152441054716,,
f638ae3f35d25d55,2021.09.29.18.19.40_veh-28_00438_00833,unprotected_crossing,0.296040638580647,RIGHT,0.0549239963293075,True,6,False,False,False,0.3281812123946026,,
83d03e995ce55e9b,2021.09.16.19.49.00_veh-42_00990_01609,unprotected_crossing,27.170103660928948,RIGHT,0.0041944272816181,True,5,False,False,False,0.7945675214761858,,
b6a62a2356885962,2021.06.03.13.55.17_veh-35_02866_03582,unprotected_crossing,0.1596016838984295,STRAIGHT,0.3209220468997955,True,6,False,False,False,0.272644733386613,,
9fe07284cb3f5e0a,2021.09.29.18.19.40_veh-28_00438_00833,unprotected_crossing,0.2135141376147273,LEFT,0.3794532120227813,True,3,False,False,False,0.1973933438003097,,
2e8d3c1cd8b15c97,2021.05.25.15.59.03_veh-30_04027_04200,unprotected_crossing,0.0362577074175791,STRAIGHT,0.0053663430735468,True,1,False,False,False,0.1168917793843796,,
64bb182ef4035065,2021.09.16.19.12.04_veh-42_01438_01677,unprotected_crossing,1.501937181379994,RIGHT,0.4262640476226806,True,1,False,False,False,0.3091153961814897,,
db5d96563dcb5427,2021.09.16.19.27.01_veh-45_01749_03230,unprotected_crossing,4.281879153365928,STRAIGHT,0.0355324633419513,True,5,False,False,False,0.5636047360433856,,
310ef687176e5160,2021.06.28.20.24.43_veh-38_03385_04952,unprotected_crossing,0.6150405833387586,RIGHT,0.2787045240402221,True,9,False,False,False,0.2671870070838279,,
017514eaeeef5716,2021.09.16.19.49.00_veh-42_00990_01609,unprotected_crossing,1.7621956659124232,RIGHT,0.1545739322900772,True,2,False,False,False,0.6861609719944876,,
5f70e91ff9d250f5,2021.09.16.16.20.27_veh-08_02435_02525,unprotected_crossing,22.12299448924336,LEFT,0.3609405159950256,True,2,False,False,False,0.2046360375348037,,
ec8a3deaeb1a53ac,2021.05.25.14.24.08_veh-25_04059_04203,unprotected_crossing,0.3911960130223079,STRAIGHT,0.0093611553311347,True,3,False,False,False,0.2687841299951358,,
